,precision,recall,f1-score,support
0.0,0.6207707792680265,0.9491370806849955,0.7506129247950074,134833.0
1.0,0.8995267884612567,0.43988708903201773,0.5908408552897476,139579.0
accuracy,0.6901083043015611,0.6901083043015611,0.6901083043015611,0.6901083043015611
macro avg,0.7601487838646416,0.6945120848585066,0.6707268900423775,274412.0
weighted avg,0.7625593490360465,0.6901083043015611,0.669345248128263,274412.0
